epoch,loss_G_L1
0,0.38010692596435547
1,0.2954581379890442
2,0.37924450635910034
3,0.39271652698516846
4,0.4156686067581177
5,0.3053048253059387
6,0.27503228187561035
7,0.38500142097473145
8,0.31109845638275146
9,0.37042391300201416
10,0.27355170249938965
11,0.19569385051727295
12,0.3659785985946655
13,0.22083747386932373
14,0.36199766397476196
15,0.30252373218536377
16,0.399522066116333
17,0.31001532077789307
18,0.2809884548187256
19,0.3625795841217041
20,0.3825305104255676
21,0.3003818988800049
22,0.358830988407135
23,0.4510343670845032
24,0.27361011505126953
25,0.308391273021698
26,0.4172295331954956
27,0.35840171575546265
28,0.40386390686035156
29,0.26712238788604736
30,0.25181448459625244
31,0.3757631778717041
32,0.2913464307785034
33,0.32774436473846436
34,0.22161495685577393
35,0.3024323582649231
36,0.35497772693634033
37,0.32192903757095337
38,0.21090972423553467
39,0.267930269241333
40,0.32591819763183594
41,0.30845630168914795
42,0.20067763328552246
43,0.3203991651535034
44,0.3686501979827881
45,0.19297868013381958
46,0.4164435863494873
47,0.31172388792037964
48,0.40674883127212524
49,0.33364999294281006
50,0.4140263795852661
51,0.46491044759750366
52,0.4411625862121582
53,0.24696707725524902
54,0.323388934135437
55,0.36952173709869385
56,0.3137967586517334
57,0.37733638286590576
58,0.3652693033218384
59,0.3064635992050171
60,0.2594923973083496
61,0.3811589479446411
62,0.21066617965698242
63,0.3895801305770874
64,0.29478657245635986
65,0.2814781665802002
66,0.35122859477996826
67,0.28543907403945923
68,0.30452418327331543
69,0.20966112613677979
70,0.2606334686279297
71,0.3217834234237671
72,0.267802357673645
73,0.39826613664627075
74,0.4022035002708435
75,0.42435216903686523
76,0.32430070638656616
77,0.3453390598297119
78,0.36955440044403076
79,0.30731654167175293
80,0.40123170614242554
81,0.36959564685821533
82,0.2874150276184082
83,0.29945820569992065
84,0.3600636124610901
85,0.3239246606826782
86,0.2555379271507263
87,0.27236616611480713
88,0.38276004791259766
89,0.21585309505462646
90,0.32123029232025146
91,0.3034101128578186
92,0.22827672958374023
93,0.31756502389907837
94,0.2442583441734314
95,0.27549928426742554
96,0.23713397979736328
97,0.242609441280365
98,0.2039695382118225
99,0.3341967463493347
100,0.3538399338722229
101,0.38377732038497925
102,0.27060651779174805
103,0.3512152433395386
104,0.28038251399993896
105,0.24860668182373047
106,0.32038623094558716
107,0.2859134078025818
108,0.33893871307373047
109,0.3414590358734131
110,0.19732379913330078
111,0.3274872303009033
112,0.24295574426651
113,0.3233758807182312
114,0.237804114818573
115,0.3541816473007202
116,0.31685060262680054
117,0.27288758754730225
118,0.3486586809158325
119,0.3672981262207031
120,0.2187788486480713
121,0.22135686874389648
122,0.3029290437698364
123,0.32779115438461304
124,0.352974534034729
125,0.2361944317817688
126,0.3775930404663086
127,0.3191171884536743
128,0.3976801633834839
129,0.3232663869857788
130,0.3000943660736084
131,0.24714607000350952
132,0.2867468595504761
133,0.31810927391052246
134,0.22037947177886963
135,0.2437589168548584
136,0.25215065479278564
137,0.3340456485748291
138,0.322378933429718
139,0.18345487117767334
140,0.35079455375671387
141,0.27284395694732666
142,0.4055672883987427
143,0.32841718196868896
144,0.16882574558258057
145,0.29049795866012573
146,0.23270028829574585
147,0.28523361682891846
148,0.17868328094482422
149,0.32545900344848633
150,0.3256124258041382
151,0.33143556118011475
152,0.26182031631469727
153,0.2672448754310608
154,0.2636289596557617
155,0.13763105869293213
156,0.3658190965652466
157,0.33310288190841675
158,0.17881810665130615
159,0.28529614210128784
160,0.253448486328125
161,0.26890134811401367
162,0.2653313875198364
163,0.21351635456085205
164,0.24858582019805908
165,0.23988789319992065
166,0.2612300515174866
167,0.28837651014328003
168,0.32271361351013184
169,0.3465384244918823
170,0.4033859372138977
171,0.2673375606536865
172,0.28355294466018677
173,0.2314215898513794
174,0.3178800344467163
175,0.2870814800262451
176,0.30747270584106445
177,0.4074440002441406
178,0.35248422622680664
179,0.22810125350952148
180,0.26001429557800293
181,0.28220921754837036
182,0.29666435718536377
183,0.27747642993927
184,0.36035192012786865
185,0.26597660779953003
186,0.22395789623260498
187,0.24791014194488525
188,0.30308592319488525
189,0.3073689341545105
190,0.3875662088394165
191,0.2879232168197632
192,0.22655761241912842
193,0.34664690494537354
194,0.30069541931152344
195,0.3082394599914551
196,0.19070440530776978
197,0.3198174834251404
198,0.20120400190353394
199,0.32981061935424805
200,0.35358160734176636
201,0.3091204762458801
202,0.26110756397247314
203,0.23633968830108643
204,0.22170734405517578
205,0.28872549533843994
206,0.2772843837738037
207,0.23820775747299194
208,0.32063108682632446
209,0.29576003551483154
210,0.34224754571914673
211,0.2641642093658447
212,0.263913631439209
213,0.2701224088668823
214,0.34552955627441406
215,0.34087586402893066
216,0.39727795124053955
217,0.357555091381073
218,0.35371506214141846
219,0.2983623147010803
220,0.33423489332199097
221,0.38843876123428345
222,0.28900718688964844
223,0.2874186038970947
224,0.3004416227340698
225,0.25975799560546875
226,0.22256386280059814
227,0.17982715368270874
228,0.3540900945663452
229,0.21665054559707642
230,0.28705912828445435
231,0.3769998550415039
232,0.25896477699279785
233,0.3324276804924011
234,0.1652834415435791
235,0.2850302457809448
236,0.22796213626861572
237,0.307320773601532
238,0.17558813095092773
239,0.352486252784729
240,0.2607306241989136
241,0.28928887844085693
242,0.23929929733276367
243,0.26608866453170776
244,0.39347249269485474
245,0.36916255950927734
246,0.30010986328125
247,0.22082746028900146
248,0.37808507680892944
249,0.22891664505004883
250,0.3806517720222473
251,0.2948366403579712
252,0.34347087144851685
253,0.2133852243423462
254,0.16247856616973877
255,0.2841440439224243
256,0.2983394265174866
257,0.29388487339019775
258,0.2680807113647461
259,0.3442457318305969
260,0.30946576595306396
261,0.238150954246521
262,0.24742937088012695
263,0.28958284854888916
264,0.2759511470794678
265,0.3770751953125
266,0.24397850036621094
267,0.23953086137771606
268,0.22458326816558838
269,0.2567625641822815
270,0.2984201908111572
271,0.2604184150695801
272,0.3184303045272827
273,0.3639959692955017
274,0.2496267557144165
275,0.3472449779510498
276,0.29255735874176025
277,0.20349806547164917
278,0.19506597518920898
279,0.34946227073669434
280,0.3005063533782959
281,0.26988911628723145
282,0.3174859881401062
283,0.21629488468170166
284,0.2438386082649231
285,0.2089318037033081
286,0.2124192714691162
287,0.2803935408592224
288,0.3603639006614685
289,0.2408158779144287
290,0.253334641456604
291,0.30189263820648193
292,0.3351670503616333
293,0.21419453620910645
294,0.36449170112609863
295,0.30138760805130005
296,0.2608364224433899
297,0.16929352283477783
298,0.26511287689208984
299,0.2698211669921875
300,0.21409422159194946
301,0.2984708547592163
302,0.2584627866744995
303,0.30691802501678467
304,0.32824134826660156
305,0.21907323598861694
306,0.3811488747596741
307,0.3389127850532532
308,0.2340090274810791
309,0.3431359529495239
310,0.26128673553466797
311,0.3422622084617615
312,0.33666563034057617
313,0.268598735332489
314,0.2958946228027344
315,0.3584411144256592
316,0.28310632705688477
317,0.31590503454208374
318,0.28181231021881104
319,0.23774480819702148
320,0.2868945598602295
321,0.22105348110198975
322,0.3637886047363281
323,0.2905535101890564
324,0.3072110414505005
325,0.36405032873153687
326,0.20239055156707764
327,0.2283170223236084
328,0.24585115909576416
329,0.23494607210159302
330,0.2965027093887329
331,0.26947689056396484
332,0.24857008457183838
333,0.3013356924057007
334,0.2635709047317505
335,0.2876819372177124
336,0.27947819232940674
337,0.26880866289138794
338,0.29024606943130493
339,0.24207919836044312
340,0.2839738726615906
341,0.264983594417572
342,0.3114922046661377
343,0.2524207830429077
344,0.352012038230896
345,0.26373422145843506
346,0.29737764596939087
347,0.24604159593582153
348,0.3915095329284668
349,0.3536202311515808
350,0.32576656341552734
351,0.3007981777191162
352,0.23998719453811646
353,0.18795716762542725
354,0.3672374486923218
355,0.2886926531791687
356,0.3069416284561157
357,0.2668708562850952
358,0.361278235912323
359,0.26539504528045654
360,0.27792638540267944
361,0.21528416872024536
362,0.21694982051849365
363,0.30359458923339844
364,0.3201775550842285
365,0.21364665031433105
366,0.20148104429244995
367,0.28078436851501465
368,0.2434837818145752
369,0.32209503650665283
370,0.22253209352493286
371,0.29968535900115967
372,0.25662899017333984
373,0.21682071685791016
374,0.2138681411743164
375,0.3627590537071228
376,0.249017596244812
377,0.23514187335968018
378,0.3242303133010864
379,0.2730221748352051
380,0.16946184635162354
381,0.257088303565979
382,0.3098565340042114
383,0.2540667653083801
384,0.3423116207122803
385,0.346626877784729
386,0.22764384746551514
387,0.2573864459991455
388,0.1918742060661316
389,0.302757203578949
390,0.3653104901313782
391,0.34890758991241455
392,0.28383851051330566
393,0.36104142665863037
394,0.2456214427947998
395,0.32263827323913574
396,0.3406733274459839
397,0.33875608444213867
398,0.28517621755599976
399,0.2722938656806946
